{
    "epochs": [
        1,
        2,
        3,
        4,
        5,
        6,
        7,
        8,
        9,
        10
    ],
    "train_losses": [
        4.538412116646501,
        3.750868779464838,
        3.4948671874867636,
        3.333871568987218,
        3.2228306355964036,
        3.133411690644388,
        3.0698891020076036,
        3.0079401659121463,
        2.956181070633688,
        2.9119974672555076
    ],
    "val_epochs": [
        5,
        10
    ],
    "val_losses": [
        3.0484242284972516,
        2.857501520122345
    ],
    "bleu_epochs": [
        5,
        10
    ],
    "bleu_scores": [
        {
            "bleu1": 34.31117111036112,
            "bleu2": 17.48428288956003,
            "bleu3": 10.07030326363765,
            "bleu4": 5.77439052677021
        },
        {
            "bleu1": 35.666486325183925,
            "bleu2": 18.402415156042725,
            "bleu3": 10.561235465432318,
            "bleu4": 6.07742870068002
        }
    ]
}