{
    "epochs": [
        1,
        2,
        3
    ],
    "train_losses": [
        4.326405051910355,
        3.5764495315778317,
        3.146382360522094
    ],
    "val_epochs": [
        1,
        2,
        3
    ],
    "val_losses": [
        3.814712284614681,
        3.067524757624593,
        2.9022283899277794
    ],
    "bleu_epochs": [
        2
    ],
    "bleu_scores": [
        {
            "bleu1": 23.125,
            "bleu2": 15.005481454595534,
            "bleu3": 9.434642225271874,
            "bleu4": 4.896571699599561
        }
    ]
}