{
    "epochs": [
        1,
        2,
        3,
        4,
        5,
        6,
        7,
        8,
        9,
        10
    ],
    "train_losses": [
        4.890976534692444,
        4.266067836313402,
        4.092907088463286,
        3.97016588983191,
        3.8791215921086257,
        3.798527918649404,
        3.7253331399393166,
        3.665017872135968,
        3.613744185627348,
        3.566971298905631
    ],
    "val_epochs": [
        5,
        10
    ],
    "val_losses": [
        3.784391059227188,
        3.548491088900209
    ],
    "bleu_epochs": [
        5,
        10
    ],
    "bleu_scores": [
        {
            "bleu1": 23.881805083392933,
            "bleu2": 5.603069493548869,
            "bleu3": 0.4944607682209094,
            "bleu4": 1.8799483693113194e-77
        },
        {
            "bleu1": 21.906370723064324,
            "bleu2": 5.482799761063807,
            "bleu3": 0.6082402674829221,
            "bleu4": 2.1406758328774496e-77
        }
    ]
}